residue,wt_group [count],wt_group [proportion],wt_group [normal],mut_group [count],mut_group [proportion],mu_group [normal],diff [proportion],diff [normal],diff [p-value]
353,14994,0.20041349873282646,True,14994,0.19060957716419902,True,0.009803921568627444,True,0.016154122417517236
354,14994,0.23002534347072162,True,14994,0.2384953981592637,True,-0.008470054688542089,True,0.041667384276258046
355,14994,0.18347338935574228,True,14994,0.18687474989995997,True,-0.003401360544217691,True,0.2241686081689478
356,14994,0.13738828864879285,True,14994,0.13752167533680137,True,-0.00013338668800852438,True,0.48662130469506004
357,14994,0.14072295584900626,True,14994,0.13932239562491663,True,0.0014005602240896309,True,0.3633701044593475
358,14994,0.003601440576230492,True,14994,0.0029345071361878083,True,0.0006669334400426839,True,0.15581099903464868
359,14994,0.1693344004268374,True,14994,0.17873816193143924,True,-0.009403761504601843,True,0.015867862039657843
360,14994,0.13712151527277577,True,14994,0.13945578231292516,True,-0.002334267040149385,True,0.27910773053536775
361,14994,0.07649726557289582,True,14994,0.0794984660530879,True,-0.003001200480192076,True,0.16626454469850538
362,14994,0.06275843670801654,True,14994,0.08029878618113913,True,-0.017540349473122593,True,1.8541487234458032e-09
363,14994,0.19621181806055757,True,14994,0.21048419367747098,True,-0.014272375616913413,True,0.001067367805471009
364,14994,0.2237561691343204,True,14994,0.2172202214219021,True,0.006535947712418305,True,0.08611212892779485
365,14994,0.00286781379218354,True,14994,0.0024009603841536613,True,0.0004668534080298787,True,0.21517024569839172
366,14994,0.18994264372415634,True,14994,0.20848339335734295,True,-0.01854074963318661,True,2.904806852677133e-05
367,14994,0.20881686007736427,True,14994,0.19874616513271975,True,0.01007069494464452,True,0.015197524809898555
368,14994,0.1353874883286648,True,14994,0.11898092570361478,True,0.01640656262505001,True,9.996822614932732e-06
369,14994,0.1295184740562892,True,14994,0.12858476724022944,True,0.0009337068160597539,True,0.40472169001429215
370,14994,0.2581032412965186,True,14994,0.24683206615979725,True,0.011271175136721379,True,0.012331828672715206
371,14994,0.24263038548752835,True,14994,0.21982126183806855,True,0.022809123649459806,True,1.393608943467406e-06
372,14994,0.031746031746031744,True,14994,0.016473255969054287,True,0.015272775776977457,True,0.0
373,14994,0.27504335067360275,True,14994,0.26710684273709484,True,0.007936507936507908,True,0.06105450968934112
374,14994,0.19941309857276243,True,14994,0.1794717887154862,True,0.01994130985727624,True,5.224814913940001e-06
375,14994,0.0765639589169001,True,14994,0.06269174336401227,True,0.013872215552887826,True,1.173623857209094e-06
376,14994,0.17200213418700813,True,14994,0.15172735760971054,True,0.020274776577297593,True,9.30574951540919e-07
377,14994,0.24763238628784848,True,14994,0.21922102174203015,True,0.02841136454581833,True,2.964688161632978e-09
378,14994,0.22622382286247833,True,14994,0.21228491396558624,True,0.013938908896892088,True,0.0017644615985671352
379,14994,0.037748432706415896,True,14994,0.015606242496998799,True,0.022142190209417097,True,0.0
380,14994,0.238562091503268,True,14994,0.207749766573296,True,0.03081232492997199,True,7.180389616223692e-11
381,14994,0.21515272775776978,True,14994,0.20401493930905695,True,0.011137788448712826,True,0.00890346745991466
382,14994,0.11531279178338003,True,14994,0.07996531946111778,True,0.03534747232226225,True,0.0
383,14994,0.15119381085767641,True,14994,0.041549953314659195,True,0.10964385754301723,True,0.0
384,14994,0.20034680538882219,True,14994,0.1849406429238362,True,0.015406162464985995,True,0.0003584011919818275
385,14994,0.25970388155262103,True,14994,0.25363478724823263,True,0.0060690943043884005,True,0.11446968186667505
386,14994,0.13932239562491663,True,14994,0.020808323329331732,True,0.1185140722955849,True,0.0
387,14994,0.31472589035614246,True,14994,0.2874483126583967,True,0.027277577697745747,True,1.2961255513310732e-07
388,14994,0.2956515939709217,True,14994,0.29491796718687474,True,0.0007336267840469812,True,0.44462674119486856
389,14994,0.13045218087234894,True,14994,0.13078564759237027,True,-0.0003334667200213248,True,0.465859716853115
390,14994,0.25763638788848875,True,14994,0.24289715886354543,True,0.014739229024943318,True,0.0016062584370130084
391,14994,0.2460984393757503,True,14994,0.25170068027210885,True,-0.005602240896358551,True,0.130952794325627
392,14994,0.28731492597038816,True,14994,0.2910497532346272,True,-0.0037348272642390157,True,0.2378398499934038
393,14994,0.19100973722822462,True,14994,0.14425770308123248,True,0.04675203414699214,True,0.0
394,14994,0.18320661597972523,True,14994,0.1860077364279045,True,-0.0028011204481792618,True,0.26594273017610304
395,14994,0.1551954114979325,True,14994,0.15526210484193678,True,-6.669334400427607e-05,True,0.4936384600595002
396,14994,0.17053488061891423,True,14994,0.15066026410564226,True,0.019874616513271964,True,1.3751225915736853e-06
397,14994,0.16166466586634654,True,14994,0.11097772442310258,True,0.050686941443243955,True,0.0
398,14994,0.1549953314659197,True,14994,0.15552887821795386,True,-0.000533546752034153,True,0.4492476501627529
399,14994,0.11764705882352941,True,14994,0.11611311191143124,True,0.0015339469120981691,True,0.3396551309112634
400,14994,0.09750566893424037,True,14994,0.029411764705882353,True,0.06809390422835801,True,0.0
401,14994,0.19714552487661732,True,14994,0.17920501533946911,True,0.017940509537148208,True,3.513094986584697e-05
402,14994,0.11064425770308123,True,14994,0.1134453781512605,True,-0.0028011204481792756,True,0.22096659010201103
403,14994,0.10050686941443245,True,14994,0.11017740429505135,True,-0.009670534880618906,True,0.003187545525527913
404,14994,0.23376017073496064,True,14994,0.21248499399759904,True,0.021275176737361595,True,4.799981856540292e-06
405,14994,0.27424303054555155,True,14994,0.25583566760037346,True,0.018407362945178085,True,0.00015194754873615324
406,14994,0.1450580232092837,True,14994,0.15432839802587703,True,-0.009270374816593319,True,0.012223434709900505
407,14994,0.009937308256635987,True,14994,0.01473922902494331,True,-0.0048019207683073235,True,8.251114902835255e-05
408,14994,0.25776977457649725,True,14994,0.24809923969587835,True,0.009670534880618892,True,0.027029639249251836
409,14994,0.21395224756569295,True,14994,0.21401894090969723,True,-6.669334400427607e-05,True,0.49438287039762474
410,14994,0.10344137655062025,True,14994,0.1145124716553288,True,-0.01107109510470855,True,0.001046380644827205
411,14994,0.10610911031079098,True,14994,0.11077764439108977,True,-0.0046685340802987835,True,0.09679166565474684
412,14994,0.232359610510871,True,14994,0.2258236627984527,True,0.006535947712418305,True,0.08904413112595666
413,14994,0.2446311858076564,True,14994,0.2634387088168601,True,-0.018807523009203714,True,9.138425430366137e-05
414,14994,0.06816059757236227,True,14994,0.0843670801653995,True,-0.016206482593037225,True,6.137833186148356e-08
415,14994,0.2212218220621582,True,14994,0.21328531412565027,True,0.007936507936507936,True,0.047809227433166956
416,14994,0.2404295051353875,True,14994,0.24236361211151128,True,-0.001934106976123784,True,0.34777357611505544
417,14994,0.13838868880885688,True,14994,0.1600640256102441,True,-0.021675336801387224,True,6.834638921482394e-08
418,14994,0.20541549953314658,True,14994,0.18687474989995997,True,0.01854074963318661,True,2.6272725413334364e-05
419,14994,0.36581299186341204,True,14994,0.3431372549019608,True,0.022675736961451254,True,2.016236503221691e-05
420,14994,0.2182873149259704,True,14994,0.23676137121515273,True,-0.018474056289182333,True,6.770347922557818e-05
421,14994,0.00613578764839269,True,14994,0.017073496065092703,True,-0.010937708416700012,True,0.0
422,14994,0.28844871281846074,True,14994,0.264905962384954,True,0.02354275043350673,True,2.579031122551534e-06
423,14994,0.1777377617713752,True,14994,0.19574496465252766,True,-0.018007202881152456,True,3.1411667107072994e-05
424,14994,0.03281312525010004,True,14994,0.062424969987995196,True,-0.029611844737895153,True,0.0
425,14994,0.05548886221155129,True,14994,0.05328798185941043,True,0.0022008803521408604,True,0.20036938582938513
426,14994,0.14539148992930506,True,14994,0.1581966119781246,True,-0.012805122048819534,True,0.000999342185179275
427,14994,0.14032279578498066,True,14994,0.09036948112578365,True,0.049953314659197015,True,0.0
428,14994,0.017473656129118314,True,14994,0.0024009603841536613,True,0.015072695744964653,True,0.0
429,14994,0.2639722555688942,True,14994,0.24809923969587835,True,0.015873015873015844,True,0.0008176069747138914
430,14994,0.30652260904361744,True,14994,0.23962918500733627,True,0.06689342403628118,True,0.0
431,14994,0.16326530612244897,True,14994,0.06175803654795251,True,0.10150726957449646,True,0.0
432,14994,0.12551687341603307,True,14994,0.11217820461517941,True,0.01333866880085366,True,0.00017871672270342032
433,14994,0.3480058690142724,True,14994,0.3406029078297986,True,0.007402961184473811,True,0.08865449598470265
434,14994,0.2632386287848473,True,14994,0.21715352807789784,True,0.04608510070694943,True,0.0
435,14994,0.00033346672002134185,False,14994,0.0006002400960384153,False,-0.0002667733760170735,False,0.14246388040944868
436,14994,0.2370281445911698,True,14994,0.23022542350273442,True,0.006802721088435382,True,0.08195161815924279
437,14994,0.18534080298786182,True,14994,0.19854608510070695,True,-0.013205282112845135,True,0.0018441738087869863
438,14994,0.19647859143657462,True,14994,0.20614912631719354,True,-0.00967053488061892,True,0.01838365057980318
439,14994,0.08796852074162999,True,14994,0.08303321328531413,True,0.00493530745631586,True,0.06322368162216774
440,14994,0.1604641856742697,True,14994,0.1653327997865813,True,-0.004868614112311598,True,0.12681180679464255
441,14994,0.2439642523676137,True,14994,0.2602374283046552,True,-0.016273175937041473,True,0.0005861912398420488
442,14994,0.009737228224623183,True,14994,0.008870214752567693,True,0.00086701347205549,True,0.21712386910216286
443,14994,0.1303187941843404,True,14994,0.1265172735760971,True,0.0038015206082432917,True,0.1625878967407437
444,14994,0.2441643323996265,True,14994,0.25910364145658266,True,-0.014939309056956146,True,0.0014354185845630862
445,14994,0.26077097505668934,True,14994,0.26597305588902226,True,-0.005202080832332923,True,0.1532408671289609
446,14994,0.022542350273442712,True,14994,0.0234093637454982,True,-0.0008670134720554883,True,0.30816721821201765
447,14994,0.1959450446845405,True,14994,0.2119514472455649,True,-0.016006402561024397,True,0.0002905669938465527
448,14994,0.24343070561557956,True,14994,0.2574363078564759,True,-0.014005602240896364,True,0.0025605981183863813
449,14994,0.00033346672002134185,False,14994,0.00040016006402561027,False,-6.669334400426842e-05,False,0.3814910394791676
450,14994,0.13972255568894223,True,14994,0.14732559690542885,True,-0.007603041216486611,True,0.030208012046143096
451,14994,0.1349206349206349,True,14994,0.15019341069761238,True,-0.01527277577697747,True,7.738774579391094e-05
452,14994,0.07536347872482327,True,14994,0.07576363878884887,True,-0.0004001600640256009,True,0.4478504643820014
453,14994,0.010137388288648793,True,14994,0.01027077497665733,True,-0.00013338668800853652,True,0.45425416852464073
454,14994,0.213218620781646,True,14994,0.21688675470188076,True,-0.0036681339202347674,True,0.21975008714791033
455,14994,0.11951447245564893,True,14994,0.12558356676003735,True,-0.006069094304388414,True,0.05451363816804844
456,14994,0.0022675736961451248,True,14994,0.002134187008136588,True,0.00013338668800853696,True,0.4026651764903395
457,14994,0.1311858076563959,True,14994,0.12918500733626784,True,0.00200080032012806,True,0.30333960521082814
458,14994,0.24329731892757103,True,14994,0.2547685740963052,True,-0.011471255168734179,True,0.010810432433854156
459,14994,0.09857276243830866,True,14994,0.10804321728691477,True,-0.009470454848606105,True,0.003524692282083075
460,14994,0.03561424569827931,True,14994,0.02787781779378418,True,0.007736427904495132,True,6.628159788402144e-05
461,14994,0.17613712151527278,True,14994,0.17353608109910632,True,0.0026010404161664613,True,0.27661225406710266
462,14994,0.2691076430572229,True,14994,0.29511804721888757,True,-0.02601040416166467,True,2.771675962076614e-07
463,14994,0.011604641856742696,True,14994,0.011671335200746966,True,-6.669334400426913e-05,True,0.47853012331692213
464,14994,0.09877284247032146,True,14994,0.0938375350140056,True,0.00493530745631586,True,0.07372981303947379
465,14994,0.1984126984126984,True,14994,0.2254235027344271,True,-0.0270108043217287,True,5.1423059144184435e-09
466,14994,0.11778044551153795,True,14994,0.13905562224889956,True,-0.02127517673736161,True,1.804821092576958e-08
467,14994,0.0034680538882219556,True,14994,0.0014672535680939041,True,0.0020008003201280513,True,0.00023930553933404486
468,14994,0.16579965319461118,True,14994,0.18680805655595573,True,-0.021008403361344546,True,8.978464685061027e-07
469,14994,0.08890222755768974,True,14994,0.09970654928638122,True,-0.010804321728691474,True,0.0006834849931746101
470,14994,0.003067893824196345,True,14994,0.00493530745631586,True,-0.0018674136321195148,True,0.005211837927909246
471,14994,0.09317060157396292,True,14994,0.09563825530212085,True,-0.002467653728157923,True,0.23246609537867735
472,14994,0.05902360944377751,True,14994,0.06442577030812324,True,-0.00540216086434573,True,0.025961826718424286
473,14994,0.05742296918767507,True,14994,0.057156195811658,True,0.0002667733760170696,True,0.46041279943848645
474,14994,0.08296651994130985,True,14994,0.07536347872482327,True,0.0076030412164865835,True,0.007374880783062143
475,14994,0.22569027611044418,True,14994,0.23182606375883688,True,-0.006135787648392704,True,0.10296096432234147
476,14994,0.09270374816593303,True,14994,0.09737228224623183,True,-0.004668534080298797,True,0.08404043315184762
477,14994,0.0008670134720554889,True,14994,0.0011337868480725624,True,-0.0002667733760170735,True,0.2324907336731401
478,14994,0.18360677604375084,True,14994,0.18293984260370816,True,0.0006669334400426774,True,0.44067491812792403
479,14994,0.1874749899959984,True,14994,0.20001333866880086,True,-0.012538348672802457,True,0.0030054560936264574
480,14994,0.20021341870081366,True,14994,0.1959450446845405,True,0.004268374016273169,True,0.1768815248858039
481,14994,0.025210084033613446,True,14994,0.018740829665199413,True,0.006469254368414033,True,6.625964218232028e-05
482,14994,0.2444311057756436,True,14994,0.26137121515272776,True,-0.016940109377084178,True,0.0003690345438490672
483,14994,0.3498732826463919,True,14994,0.36474589835934373,True,-0.014872615712951842,True,0.0035986755407215743
484,14994,0.0012004801920768306,True,14994,0.0013338668800853674,True,-0.00013338668800853674,True,0.3727233040513145
485,14994,0.13445378151260504,True,14994,0.12638388688808858,True,0.00806989462451646,True,0.018993383803352692
486,14994,0.2034813925570228,True,14994,0.22208883553421369,True,-0.018607442977190886,True,4.11599178453681e-05
487,14994,0.22128851540616246,True,14994,0.23462718420701614,True,-0.013338668800853687,True,0.0029493295331753933
488,14994,0.31706015739629184,True,14994,0.3223956249166333,True,-0.005335467520341475,True,0.160944132759
489,14994,0.41870081365879686,True,14994,0.41609977324263037,True,0.002601040416166489,True,0.32394340255887166
490,14994,0.3314659197012138,True,14994,0.3479391756702681,True,-0.0164732559690543,True,0.001297226960191411
491,14994,0.00246765372815793,True,14994,0.003201280512204882,True,-0.0007336267840469522,True,0.11607467908650215
492,14994,0.44991329865279445,True,14994,0.4291049753234627,True,0.020808323329331746,True,0.0001412458020159102
493,14994,0.33920234760570894,True,14994,0.34193677470988393,True,-0.0027344271041749857,True,0.30867753900153483
494,14994,0.2372282246231826,True,14994,0.2571028411364546,True,-0.019874616513271992,True,3.2983979944667396e-05
495,14994,0.10624249699879952,True,14994,0.0811657996531946,True,0.025076697345604915,True,4.4075854077618715e-14
496,14994,0.3956916099773243,True,14994,0.3516740029345071,True,0.04401760704281715,True,1.5543122344752192e-15
497,14994,0.3051220488195278,True,14994,0.3219954648526077,True,-0.016873416033079902,True,0.0008174293803659971
498,14994,0.04335067360277444,True,14994,0.03594771241830065,True,0.00740296118447379,True,0.0005090928011316498
499,14994,0.2564359076964119,True,14994,0.21348539415766307,True,0.04295051353874882,True,0.0
500,14994,0.34093637454981995,True,14994,0.31966119781245833,True,0.021275176737361623,True,4.4694190648786325e-05
501,14994,0.16419901293850875,True,14994,0.16413231959450447,True,6.669334400427607e-05,True,0.4937810444042888
502,14994,0.10437508336668,True,14994,0.08936908096571962,True,0.01500600240096038,True,5.560426082795722e-06
503,14994,0.286781379218354,True,14994,0.25763638788848875,True,0.029144991329865255,True,7.0302320631654425e-09
504,14994,0.29385087368280643,True,14994,0.2981859410430839,True,-0.004335067360277445,True,0.20546698585214518
505,14994,0.09697212218220622,True,14994,0.0873015873015873,True,0.00967053488061892,True,0.001892594252517088
506,14994,0.14105642256902762,True,14994,0.11698012538348673,True,0.024076297185540885,True,2.442314128714429e-10
507,14994,0.17286914765906364,True,14994,0.16253167933840204,True,0.010337468320661597,True,0.008286822384035664
508,14994,0.11491263171935441,True,14994,0.11224489795918367,True,0.0026677337601707374,True,0.23331189712633826
509,14994,0.07756435907696412,True,14994,0.06482593037214886,True,0.012738428704815258,True,8.914540643778501e-06
510,14994,0.27377617713752167,True,14994,0.2426970788315326,True,0.031079098305989067,True,3.8159864157449874e-10
511,14994,0.14479124983326663,True,14994,0.1417233560090703,True,0.0030678938241963383,True,0.22415472470270936
512,14994,0.03988261971455249,True,14994,0.036481259170334804,True,0.003401360544217684,True,0.0621621669514093
513,14994,0.17326930772308924,True,14994,0.14672535680939042,True,0.02654395091369882,True,1.7671542007491325e-10
514,14994,0.25970388155262103,True,14994,0.2689075630252101,True,-0.009203681472589043,True,0.03535880695119653
515,14994,0.17580365479525142,True,14994,0.1820061357876484,True,-0.00620248099239698,True,0.0805696897288708
516,14994,0.10744297719087635,True,14994,0.08289982659730559,True,0.02454315059357076,True,2.1149748619109232e-13
517,14994,0.21415232759770575,True,14994,0.1726690676270508,True,0.04148325997065494,True,0.0
518,14994,0.20048019207683074,True,14994,0.22002134187008138,True,-0.01954114979325064,True,1.6377481209306488e-05
519,14994,0.0,False,14994,0.00013338668800853674,False,-0.00013338668800853674,False,0.078635760609991
520,14994,0.32553021208483396,True,14994,0.2737094837935174,True,0.051820728291316565,True,0.0
521,14994,0.20808323329331732,True,14994,0.18340669601173804,True,0.024676537281579286,True,3.5701101297469506e-08
522,14994,0.19194344404428437,True,14994,0.20828331332533012,True,-0.01633986928104575,True,0.00020237751893426026
523,14994,0.3067893824196345,True,14994,0.31025743630785646,True,-0.003468053888221967,True,0.2578042981330553
524,14994,0.4485794317727091,True,14994,0.4283046551954115,True,0.020274776577297593,True,0.0002010925305483413
525,14994,0.28244631185807656,True,14994,0.2774443110577564,True,0.00500200080032015,True,0.16735721234904954
526,14994,0.0006002400960384153,False,14994,0.0009337068160597573,True,-0.00033346672002134196,False,0.14847622359916723
527,14994,0.36914765906362546,True,14994,0.36574629851940776,True,0.003401360544217691,True,0.27064071779896415
528,14994,0.1809390422835801,True,14994,0.16093103908229958,True,0.020008003201280516,True,2.0769360898897915e-06
529,14994,0.14292383620114713,True,14994,0.13565426170468187,True,0.007269574496465259,True,0.034533458580727205
530,14994,0.018940909697212217,True,14994,0.014272375616913432,True,0.004668534080298785,True,0.0007789467792260751
531,14994,0.193344004268374,True,14994,0.17066826730692278,True,0.022675736961451226,True,1.78402954853496e-07
532,14994,0.1840736294517807,True,14994,0.17453648125917035,True,0.009537148192610367,True,0.015666223217709052
533,14994,0.00013338668800853674,False,14994,0.00020008003201280514,False,-6.66933440042684e-05,False,0.3273464247452622
534,14994,0.13945578231292516,True,14994,0.13405362144857944,True,0.005402160864345723,True,0.08669331270271186
535,14994,0.20208083233293317,True,14994,0.19221021742030145,True,0.00987061491263172,True,0.01584210335542857
536,14994,0.0716953448045885,True,14994,0.07082833133253301,True,0.0008670134720554917,True,0.38521726171917636
537,14994,0.10230758970254769,True,14994,0.09737228224623183,True,0.00493530745631586,True,0.0770094686213263
538,14994,0.31285847672402295,True,14994,0.2981859410430839,True,0.01467253568093907,True,0.0029044681481423806
539,14994,0.13992263572095504,True,14994,0.13058556756035747,True,0.009337068160597567,True,0.009035714128691197
540,14994,0.0012004801920768306,True,14994,0.0027344271041750035,True,-0.0015339469120981728,True,0.0013599302373339395
541,14994,0.19354408430038683,True,14994,0.19607843137254902,True,-0.0025343470721621852,True,0.2897691545654205
542,14994,0.15506202480992398,True,14994,0.1535280778978258,True,0.001533946912098183,True,0.35655604684352893
543,14994,0.05222088835534214,True,14994,0.05435507536347872,True,-0.0021341870081365844,True,0.2053306606930414
544,14994,0.015072695744964653,True,14994,0.01840736294517807,True,-0.0033346672002134183,True,0.012201774155055634
545,14994,0.10277444311057757,True,14994,0.10677604375083366,True,-0.004001600640256092,True,0.12895696982477456
546,14994,0.16226490596238496,True,14994,0.16813392023476056,True,-0.0058690142723756,True,0.08558665452623726
547,14994,0.004001600640256103,True,14994,0.0032679738562091504,True,0.0007336267840469522,True,0.14558725177849463
548,14994,0.06902761104441776,True,14994,0.06996131786047752,True,-0.0009337068160597539,True,0.37527209431214037
549,14994,0.2016139789249033,True,14994,0.19641189809257037,True,0.005202080832332923,True,0.1296229059593048
550,14994,0.19627851140456182,True,14994,0.21762038148592772,True,-0.0213418700813659,True,2.522161020146463e-06
551,14994,0.040016006402561026,True,14994,0.031479258370014675,True,0.008536748032546351,True,3.4128344499451124e-05
552,14994,0.19667867146858745,True,14994,0.19394424436441243,True,0.0027344271041750134,True,0.2751799898148771
553,14994,0.16579965319461118,True,14994,0.1716686674669868,True,-0.005869014272375628,True,0.08740503571432967
554,14994,0.023075897025476858,True,14994,0.02420968387354942,True,-0.0011337868480725613,True,0.2590953912197307
555,14994,0.12458316659997332,True,14994,0.12071495264772576,True,0.003868213952247554,True,0.1536176042420605
556,14994,0.19914632519674536,True,14994,0.20861678004535147,True,-0.009470454848606119,True,0.020901312836901997
557,14994,0.042550353474723225,True,14994,0.04608510070694945,True,-0.003534747232226222,True,0.06847952762399612
558,14994,0.035080698946245166,True,14994,0.03681472589035614,True,-0.0017340269441109765,True,0.20996980561663126
559,14994,0.23109243697478993,True,14994,0.2393624116313192,True,-0.008269974656529261,True,0.04567353704683519
560,14994,0.17413632119514472,True,14994,0.1738028544751234,True,0.0003334667200213248,True,0.46964348391685795
561,14994,0.0053354675203414696,True,14994,0.0034680538882219556,True,0.001867413632119514,True,0.007288689081734745
562,14994,0.1644657863145258,True,14994,0.17353608109910632,True,-0.009070294784580518,True,0.018049474578830438
563,14994,0.23862878484727224,True,14994,0.24989995998399359,True,-0.01127117513672135,True,0.01155479584743424
564,14994,0.1054421768707483,True,14994,0.11217820461517941,True,-0.006736027744431106,True,0.030529619878140846
565,14994,0.029878618113912233,True,14994,0.031479258370014675,True,-0.0016006402561024417,True,0.21078822072615377
566,14994,0.1172468987595038,True,14994,0.12091503267973856,True,-0.0036681339202347674,True,0.16338675109508727
567,14994,0.1674002934507136,True,14994,0.17633720154728558,True,-0.008936908096571966,True,0.02012248153850149
568,14994,0.00046685340802987864,False,14994,0.0006669334400426837,True,-0.00020008003201280505,False,0.23336200358842363
569,14994,0.12164865946378552,True,14994,0.12324929971988796,True,-0.0016006402561024452,True,0.33622413369687787
570,14994,0.20761637988528744,True,14994,0.21628651460584233,True,-0.00867013472055489,True,0.0331080084145956
571,14994,0.11251167133520075,True,14994,0.11611311191143124,True,-0.0036014405762304913,True,0.16353529122711896
572,14994,0.07589702547685741,True,14994,0.07409630518874216,True,0.0018007202881152456,True,0.2769352353232861
573,14994,0.23482726423902894,True,14994,0.23789515806322528,True,-0.0030678938241963383,True,0.2659029672947376
574,14994,0.19794584500466852,True,14994,0.20968387354941978,True,-0.011738028544751256,True,0.0058138066630487595
575,14994,0.0015339469120981726,True,14994,0.0012671735360810991,True,0.0002667733760170735,True,0.2684030371340471
576,14994,0.26523942910497533,True,14994,0.2747765772975857,True,-0.009537148192610367,True,0.03143457520573978
577,14994,0.18527410964385754,True,14994,0.19994664532479658,True,-0.014672535680939042,True,0.0006362133066298847
578,14994,0.2426970788315326,True,14994,0.16099773242630386,True,0.08169934640522875,True,0.0
579,14994,0.12431639322395625,True,14994,0.1111111111111111,True,0.013205282112845149,True,0.00019359918402928056
580,14994,0.2437641723356009,True,14994,0.2606375883686808,True,-0.016873416033079874,True,0.00038295590910220056
581,14994,0.22702414299052953,True,14994,0.14599173002534346,True,0.08103241296518607,True,0.0
582,14994,0.040216086434573826,True,14994,0.02701080432172869,True,0.013205282112845135,True,1.0891920698696822e-10
583,14994,0.28884887288248634,True,14994,0.2653728157929839,True,0.023476057089502456,True,2.7711782141226493e-06
584,14994,0.15106042416966786,True,14994,0.1617313592103508,True,-0.01067093504068295,True,0.005480108443799092
585,14994,0.1345204748566093,True,14994,0.10770975056689343,True,0.026810724289715884,True,5.349054532644004e-13
586,14994,0.13038548752834467,True,14994,0.11231159130318794,True,0.018073896225156733,True,8.157193684965591e-07
587,14994,0.2981859410430839,True,14994,0.29024943310657597,True,0.007936507936507908,True,0.06576901556776782
588,14994,0.158796852074163,True,14994,0.18647458983593437,True,-0.027677737761771376,True,1.1099809960057883e-10
589,14994,0.003934907296251834,True,14994,0.0168734160330799,True,-0.012938508736828065,True,0.0
590,14994,0.19407763105242096,True,14994,0.17960517540349474,True,0.014472455648926214,True,0.0006512868264455518
591,14994,0.15066026410564226,True,14994,0.14472455648926238,True,0.005935707616379876,True,0.07372200305283283
592,14994,0.15512871815392823,True,14994,0.18654128317993865,True,-0.03141256502601042,True,2.362554596402333e-13
593,14994,0.239562491663332,True,14994,0.20374816593303988,True,0.03581432573029211,True,3.930189507173054e-14
594,14994,0.2620381485927704,True,14994,0.2441643323996265,True,0.017873816193143904,True,0.00018528389089056407
595,14994,0.2518340669601174,True,14994,0.2653061224489796,True,-0.013472055488862211,True,0.003855910086112302
596,14994,0.0794984660530879,True,14994,0.09983993597438975,True,-0.020341469921301855,True,3.446855023625517e-10
597,14994,0.28624783246631985,True,14994,0.2608376684006936,True,0.02541016406562624,True,3.955842037273172e-07
598,14994,0.11804721888755502,True,14994,0.12665066026410565,True,-0.008603441376550627,True,0.011498445976025895
599,14994,0.2130185407496332,True,14994,0.23882886487928504,True,-0.02581032412965184,True,4.483030380253439e-08
600,14994,0.04068293984260371,True,14994,0.0455515539549153,True,-0.004868614112311591,True,0.01896951492537169
601,14994,0.24516473255969054,True,14994,0.2456982793117247,True,-0.000533546752034153,True,0.45725568122537874
602,14994,0.2016139789249033,True,14994,0.21561958116579966,True,-0.014005602240896364,True,0.0014179655222611443
603,14994,0.0045351473922902496,True,14994,0.009537148192610378,True,-0.005002000800320128,True,1.087080013784103e-07
604,14994,0.2012138188608777,True,14994,0.19074296385220754,True,0.010470855008670149,True,0.011181188141127119
605,14994,0.20521541950113378,True,14994,0.20574896625316794,True,-0.000533546752034153,True,0.45448630484542785
606,14994,0.06882753101240496,True,14994,0.08269974656529279,True,-0.013872215552887826,True,2.804211524098932e-06
607,14994,0.15299453114579165,True,14994,0.14732559690542885,True,0.0056689342403628,True,0.08470791435406855
608,14994,0.24869947979191676,True,14994,0.24663198612778445,True,0.0020674936641323083,True,0.3391749039686516
609,14994,0.047418967587034816,True,14994,0.048952914499132985,True,-0.0015339469120981691,True,0.2675682884587498
610,14994,0.008936908096571963,True,14994,0.009203681472589036,True,-0.00026677337601707304,True,0.40375352933532715
611,14994,0.23816193143924236,True,14994,0.2212218220621582,True,0.01694010937708415,True,0.0002435690141537883
612,14994,0.10150726957449646,True,14994,0.10277444311057757,True,-0.0012671735360811065,True,0.35856124432099523
613,14994,0.189609177004135,True,14994,0.17240229425103373,True,0.017206882753101255,True,5.430471799749981e-05
614,14994,0.14912631719354408,True,14994,0.11524609843937575,True,0.03388021875416833,True,0.0
615,14994,0.3071228491396559,True,14994,0.2870481525943711,True,0.020074696545284765,True,7.102543294590369e-05
616,14994,0.25276777377617715,True,14994,0.258703481392557,True,-0.005935707616379848,True,0.11938652644239389
617,14994,0.17006802721088435,True,14994,0.12531679338402027,True,0.04475123382686408,True,0.0
618,14994,0.17300253434707216,True,14994,0.16093103908229958,True,0.01207149526477258,True,0.0025318682216339816
619,14994,0.15192743764172337,True,14994,0.14325730292116848,True,0.00867013472055489,True,0.017145325680520296
620,14994,0.17093504068293985,True,14994,0.1689342403628118,True,0.00200080032012806,True,0.3223036982804659
621,14994,0.15266106442577032,True,14994,0.132452981192477,True,0.020208083233293317,True,2.768255358276406e-07
622,14994,0.2617046818727491,True,14994,0.25570228091236497,True,0.006002400960384124,True,0.11765093979065933
623,14994,0.1649326397225557,True,14994,0.16393223956249167,True,0.00100040016006403,True,0.40761423804630326
624,14994,0.10797652394291049,True,14994,0.07222889155662265,True,0.035747632386287836,True,0.0
625,14994,0.27977857809790585,True,14994,0.2789782579698546,True,0.0008003201280512573,True,0.4386317145135036
626,14994,0.13932239562491663,True,14994,0.13712151527277577,True,0.0022008803521408604,True,0.2904231897870714
627,14994,0.1303187941843404,True,14994,0.10577564359076964,True,0.024543150593570748,True,2.187383607576976e-11
628,14994,0.18567426970788314,True,14994,0.13652127517673737,True,0.04915299453114577,True,0.0
629,14994,0.2911831399226357,True,14994,0.2801120448179272,True,0.01107109510470855,True,0.016908607570480738
630,14994,0.1862078164599173,True,14994,0.18534080298786182,True,0.0008670134720554779,True,0.42347124675215686
631,14994,0.1261171135120715,True,14994,0.015272775776977457,True,0.11084433773509404,True,0.0
632,14994,0.30572228891556624,True,14994,0.2855808990262772,True,0.02014138988928904,True,6.603481918487919e-05
633,14994,0.18547418967587034,True,14994,0.17820461517940508,True,0.007269574496465259,True,0.05134425588058
634,14994,0.07349606509270375,True,14994,0.06522609043617447,True,0.008269974656529275,True,0.0024105341318779727
635,14994,0.21421902094171003,True,14994,0.18514072295584902,True,0.029078297985861007,True,1.4660195279958543e-10
636,14994,0.25063358676804054,True,14994,0.2306922769107643,True,0.01994130985727624,True,2.67125318291761e-05
637,14994,0.18380685607576364,True,14994,0.16033079898626118,True,0.023476057089502456,True,3.5615101312558295e-08
638,14994,0.0558890222755769,True,14994,0.047685740963051886,True,0.008203281312525013,True,0.0006733600868318312
639,14994,0.2693077230892357,True,14994,0.2494331065759637,True,0.019874616513271964,True,4.295345910398929e-05
640,14994,0.18287314925970388,True,14994,0.18153928237961853,True,0.0013338668800853548,True,0.382395877940896
641,14994,0.09096972122182206,True,14994,0.06976123782846472,True,0.021208483393357347,True,6.903366767119223e-12
642,14994,0.07503001200480192,True,14994,0.07943177270908364,True,-0.004401760704281721,True,0.07668630411635258
643,14994,0.24769907963185275,True,14994,0.2501000400160064,True,-0.002400960384153633,True,0.3153274003036439
644,14994,0.22288915566226492,True,14994,0.21435240762971855,True,0.008536748032546365,True,0.03684975066437168
645,14994,0.006269174336401227,True,14994,0.0036681339202347604,True,0.0026010404161664665,True,0.0006787938907720781
646,14994,0.22869147659063627,True,14994,0.22802454315059356,True,0.0006669334400427052,True,0.4452918109833526
647,14994,0.23982926503934907,True,14994,0.23469387755102042,True,0.0051353874883286466,True,0.14795194395065736
648,14994,0.1900093370681606,True,14994,0.18247298919567828,True,0.007536347872482307,True,0.04684440911874166
649,14994,0.13298652794451113,True,14994,0.1454581832733093,True,-0.012471655328798181,True,0.0009046135342349881
650,14994,0.22042150193410698,True,14994,0.22789115646258504,True,-0.007469654528478059,True,0.06045628634270128
651,14994,0.16800053354675204,True,14994,0.16619981325863678,True,0.0018007202881152595,True,0.33799813040353643
652,14994,0.006936107776443911,True,14994,0.006069094304388422,True,0.0008670134720554891,True,0.17515077057564554
653,14994,0.22402294251033747,True,14994,0.24363078564759236,True,-0.019607843137254888,True,3.008142892757526e-05
654,14994,0.13078564759237027,True,14994,0.12645058023209282,True,0.004335067360277445,True,0.13109571877307924
655,14994,0.16946778711484595,True,14994,0.16993464052287582,True,-0.00046685340802987696,True,0.45712185149017914
656,14994,0.09257036147792451,True,14994,0.09703881552621048,True,-0.004468454048285969,True,0.09328870996921057
657,14994,0.21208483393357344,True,14994,0.20328131252501,True,0.008803521408563442,True,0.030107789087506776
658,14994,0.24456449246365214,True,14994,0.2519007603041217,True,-0.007336267840469535,True,0.07071392839353585
659,14994,0.23842870481525943,True,14994,0.24996665332799786,True,-0.011537948512738427,True,0.010019718683134227
